Issue Type,Summary,Description,Priority,Labels,Epic Name,Acceptance Criteria,Evidence Commits,Status
Story,"PF-101 Homepage communicates portfolio identity","As a potential client, I want the homepage to immediately communicate who owns the portfolio and what kind of work they do, so I can decide whether to keep exploring.","High","portfolio","PF-E01 Public Portfolio Discovery","Homepage renders a strong hero; supporting sections expose professional proof; route composition stays clear.","693b93f 5a4bcd2 fd7329f a8397c1","Implemented"
Story,"PF-102 Browse professional experience","As a visitor, I want to browse professional experience, so I can understand the owner's background and credibility.","High","portfolio,cms","PF-E01 Public Portfolio Discovery","Experience list and detail routes render CMS-backed jobs; missing states are handled through route/partial boundaries.","7e4d781 fd7329f ce8e785","Implemented"
Story,"PF-103 Browse skills and related work","As a visitor, I want to browse skills and see related work, so I can connect capabilities to evidence.","High","portfolio,cms","PF-E01 Public Portfolio Discovery","Skills are CMS-backed; skill detail pages exist; related jobs are shown where available.","a8397c1 453a504 0555e11 b87e6ab","Implemented"
Story,"PF-104 Browse project evidence","As a technical reviewer, I want project pages to explain concrete work, so I can evaluate delivery depth.","High","portfolio,cms","PF-E01 Public Portfolio Discovery","Project list and detail routes render from CMS data; project revisions carry structured narrative content.","94504e1 403c727 51f33ee","Implemented"
Story,"PF-201 Store content as structured records","As the portfolio owner, I want content stored as structured records, so updates do not require hard-coding every page.","High","cms,db","PF-E02 CMS Content Foundation","Schema includes companies, experience, skills, projects, blog posts, translations, media, revisions, and content entities.","734bc11 a4e903c bc4f459 c973703","Implemented"
Story,"PF-202 Support CMS content lifecycle statuses","As the portfolio owner, I want content lifecycle statuses, so drafts and testing records can exist without becoming public by accident.","Medium","cms,db","PF-E02 CMS Content Foundation","CMS status enum includes published, hidden, draft, and testing; query layers define visible statuses.","912ad4f","Implemented"
Story,"PF-203 Render safe structural content","As a content author, I want rich article/project bodies represented as safe structural content, so the site can render complex writing without unsafe raw HTML.","High","cms,security","PF-E02 CMS Content Foundation","Structural content schema exists; renderer supports known elements and fallbacks; tests cover filtering and fallback behavior.","1646dd0 41794d8 5fbd111 5640a29 213d7a7","Implemented"
Story,"PF-204 Seed repeatable demo content","As the portfolio owner, I want demo seed data, so local and design testing can use repeatable content.","Medium","cms,db","PF-E02 CMS Content Foundation","Seed script exists; structural content stress posts and localized demo content are present.","819f946 162d1be b0decdb 21235c7 7ac7b23 c76456a","Implemented"
Story,"PF-205 Define CMS authoring workflow","As the portfolio owner, I want the CMS authoring workflow defined before editor implementation, so admin work starts from a coherent model.","High","cms,docs","PF-E02 CMS Content Foundation","CMS authoring workflow defines current state, first workflow, content priorities, owner-only/source-aware boundaries, data implications, and remaining decisions.","analysis/product/cms-authoring-workflow.md analysis/technical/adr/0011-use-owner-only-source-aware-cms-authoring.md","Implemented"
Story,"PF-206 Design owner draft preview publish flow","As the portfolio owner, I want an owner-only draft, preview, and publish flow, so content changes can be reviewed before publication.","High","cms,auth","PF-E02 CMS Content Foundation","ADR 0011 bounds the owner-only draft, edit, authenticated preview, validate, publish/testing, and audit flow; route/action implementation remains future work.","analysis/product/cms-authoring-workflow.md analysis/technical/adr/0011-use-owner-only-source-aware-cms-authoring.md","Planned"
Story,"PF-207 Define media lifecycle decisions","As the portfolio owner, I want media lifecycle decisions before upload tooling, so assets do not become unmanaged storage clutter.","Medium","cms,ops","PF-E02 CMS Content Foundation","Media lifecycle defines owner-only intake, provisional storage, metadata, alt text gates, attachments, preview, replacement, retirement, cleanup, and deferred implementation decisions.","analysis/product/media-asset-lifecycle.md analysis/technical/adr/0012-use-managed-media-asset-lifecycle-for-cms-authoring.md","Implemented"
Story,"PF-208 Implement owner media upload lifecycle","As the portfolio owner, I want owner-only media upload and cleanup tooling, so project and post assets stay accessible, localized, and reconciled with storage.","Medium","cms,ops,media","PF-E02 CMS Content Foundation","Tooling follows ADR 0012; owner can upload, attach, replace, retire, dry-run cleanup, and avoid deleting referenced assets.","analysis/product/media-asset-lifecycle.md analysis/technical/adr/0012-use-managed-media-asset-lifecycle-for-cms-authoring.md","Planned"
Story,"PF-301 Browse localized routes","As a visitor, I want localized routes, so I can browse the portfolio in the intended language context.","High","i18n,portfolio","PF-E03 Internationalized Content","Locale route tree exists; invalid locales route to not found; locale request setup is centralized.","4f41de7 7fd2f33","Implemented"
Story,"PF-302 Redirect bare blog URLs canonically","As a visitor following an old or bare blog URL, I want to land on the canonical localized post route.","Medium","i18n,blog","PF-E03 Internationalized Content","Bare blog resolver redirects to localized route; translated slugs are indexed.","27c9bc0 73952bb 154ad9d","Implemented"
Story,"PF-303 Resolve localized metadata","As a crawler or social preview consumer, I want metadata to resolve from localized CMS records, so previews match the page language.","Medium","i18n,cms","PF-E03 Internationalized Content","CMS modules expose metadata resolution for blog, experience, projects, and skills.","src/cms/blog.ts src/cms/experience.ts src/cms/projects.ts src/cms/skills.ts","Implemented"
Story,"PF-401 Sign up with portfolio identifier flow","As a reader, I want to sign up with a portfolio-specific identifier flow, so I can interact without the site exposing unnecessary account details.","High","auth","PF-E04 Authenticated Interaction","Identifier resolution distinguishes username and email paths; signup route and server action exist.","e9077c4 42d0cb8 1c96224","Implemented"
Story,"PF-402 Sign in and sign out reliably","As a returning reader, I want to sign in and sign out reliably, so my visible session state matches server state.","High","auth","PF-E04 Authenticated Interaction","Better Auth route handler exists; sign-in action creates session; logout refreshes local state; current worktree includes auth-state updates.","6a7ccc8 f767a0f ba94255 current-worktree","Implemented/in progress"
Story,"PF-403 Validate and rate-limit auth flows","As the portfolio owner, I want credential validation and rate limiting, so auth flows are harder to abuse.","High","auth,security","PF-E04 Authenticated Interaction","Zod validation covers usernames, emails, identifiers, passwords, and sign-up shapes; rate limit table and enforcement exist.","c0fa0fc 7333bb1 bbdf312 213d7a7","Implemented"
Story,"PF-404 Comment on blog posts","As an authenticated reader, I want to comment on blog posts, so I can engage with technical writing.","High","blog,auth","PF-E04 Authenticated Interaction","Comments table links to posts and optional users; comments render on posts; composer/action exist.","4083894 1033065 3d145da 94566f8 current-worktree","Implemented/in progress"
Story,"PF-405 Preserve discussion after account deletion","As a reader, I want discussion history preserved even if an account is removed, so conversation context does not disappear unexpectedly.","Medium","blog,auth","PF-E04 Authenticated Interaction","Comment user foreign key preserves comments after account deletion; rendering has fallback author handling.","cc9073d tests/blog/comments.test.ts","Implemented"
Story,"PF-406 Define comment moderation states","As the portfolio owner, I want comment moderation states defined before schema changes, so moderation does not become a pile of unrelated flags.","High","blog,auth,security","PF-E04 Authenticated Interaction","ADR 0009 defines visible, hidden, and removed soft states, owner-only first actions, schema direction, and non-goals before migration work.","analysis/product/interaction-policy.md analysis/technical/adr/0009-use-soft-state-comment-moderation.md","Implemented"
Story,"PF-407 Hide or remove abusive comments","As the portfolio owner, I want to hide or remove abusive comments while preserving thread structure, so discussion stays readable and trustworthy.","High","blog,auth,security","PF-E04 Authenticated Interaction","Owner-only moderation path is defined; hidden/removed rendering behavior is specified before implementation.","analysis/product/interaction-policy.md ADR-0005 ADR-0009","Planned"
Story,"PF-408 Define reader comment controls","As a reader, I want clear rules for comment editing, deletion, and reporting, so I understand what control I have after posting.","Medium","blog,auth","PF-E04 Authenticated Interaction","ADR 0009 defers reader edit, delete, and report controls from the first moderation slice and keeps them as review triggers.","analysis/product/interaction-policy.md analysis/technical/adr/0009-use-soft-state-comment-moderation.md","Planned"
Story,"PF-409 Define owner authorization model","As the portfolio owner, I want an owner authorization model before protected tools, so moderation and authoring routes are not guarded ad hoc.","High","auth,security","PF-E04 Authenticated Interaction","ADR 0010 defines explicit server-side owner allowlist matching, rejects first-version RBAC, and requires one shared guard for owner tools.","analysis/product/auth-account-roadmap.md analysis/technical/adr/0010-use-explicit-owner-allowlist-for-protected-tools.md","Implemented"
Story,"PF-410 Decide client account scope","As the portfolio owner, I want to decide whether client/private accounts belong in the portfolio, so account scope does not grow without a use case.","Medium","auth,docs","PF-E04 Authenticated Interaction","Auth roadmap separates reader, owner, client, collaborator, and public profile account types with decisions.","analysis/product/auth-account-roadmap.md","Implemented"
Story,"PF-411 Connect owner auth to protected workflows","As the portfolio owner, I want owner auth connected to moderation and CMS authoring workflows, so protected tools share one account strategy.","High","auth,cms,blog","PF-E04 Authenticated Interaction","ADR 0010 defines the shared owner guard strategy and ADR 0011 requires CMS authoring to use it; moderation and CMS implementation still need to call it.","analysis/product/auth-account-roadmap.md analysis/product/cms-authoring-workflow.md analysis/technical/adr/0010-use-explicit-owner-allowlist-for-protected-tools.md analysis/technical/adr/0011-use-owner-only-source-aware-cms-authoring.md","Planned"
Story,"PF-412 Define user roles for privileged actions","As the portfolio owner, I want user roles to distinguish normal readers from higher-privilege users, so moderation, authoring, and future protected actions do not rely on one-off authorization checks.","High","auth,security","PF-E04 Authenticated Interaction","First role vocabulary is documented before schema or guard implementation; initial roles are bounded to Reader, Moderator, and Owner; server-side authorization responsibilities are defined; the plan explains how this evolves from ADR 0010 without breaking reader auth/comment behavior.","analysis/product/auth-account-roadmap.md analysis/design/diagrams/pf-diag-008-user-role-authorization-model.md KAN-56","Implemented/in progress"
Story,"PF-413 Plan permission-gated reactive islands","As the portfolio owner, I want privileged UI islands to render as fast client shells while all privileged data and mutations remain server-authorized, so role-gated controls can feel reactive without trusting client state.","High","auth,security,architecture","PF-E04 Authenticated Interaction","Permission-gated island pattern is documented; client shell, server capability payload, SSR entry behavior, mutation reauthorization boundaries, and the island-versus-route-gate boundary are defined; FigJam flow PF-DIAG-009 visualizes the pattern; Jira and Confluence links are synced.","analysis/technical/permission-gated-reactive-islands.md analysis/design/diagrams/pf-diag-009-permission-gated-reactive-island-flow.md KAN-57","Implemented/in progress"
Story,"PF-501 Version schema changes as migrations","As the developer, I want schema changes generated as committed migrations, so database evolution is reviewable.","High","db,ops","PF-E05 Quality Operations And Architecture","README documents migration workflow; Drizzle files and snapshots exist; build flow runs migrations before Vercel builds.","734bc11 README.md drizzle","Implemented"
Story,"PF-502 Use branch-isolated Neon workflows","As the developer, I want branch-isolated Neon database workflows, so local and preview work do not collide with production data.","Medium","db,ops","PF-E05 Quality Operations And Architecture","Neon sync script creates/reuses branch-scoped URLs; docs warn about stale env values.","5a50321 888fbdf README.md","Implemented"
Story,"PF-503 Preserve architecture boundaries","As a maintainer, I want clear architecture boundaries, so future changes can be placed correctly.","High","docs,architecture","PF-E05 Quality Operations And Architecture","Architecture index and local notes define routes, partials, repeatables, CMS, and DB layering.","0becf78 7482d77 ARCHITECTURE.md","Implemented"
Story,"PF-504 Run automated behavioral checks","As a maintainer, I want automated checks for important behavior, so regressions are caught before deployment.","High","tests,ops","PF-E05 Quality Operations And Architecture","Unit tests cover auth validation, auth rate-limit keys, structural content rendering, and blog comments; CI workflow exists.","213d7a7 2870f75","Implemented"
Story,"PF-505 Maintain source-controlled analysis suite","As the portfolio owner, I want source-controlled product analysis, so future work can be planned instead of improvised.","High","docs","PF-E05 Quality Operations And Architecture","Analysis directory exists; requirements, stories, traceability, ADR, schema inventory, and API notes are in place.","analysis","Implemented"
Story,"PF-506 Maintain API surface inventory","As a technical maintainer, I want an API surface inventory, so internal routes and server actions are not mistaken for public OpenAPI contracts.","Medium","docs,architecture","PF-E05 Quality Operations And Architecture","Inventory lists route handlers, server actions, contract status, OpenAPI triggers, and update rules.","analysis/technical/api-surface-inventory.md ADR-0006","Implemented"
Story,"PF-507 Maintain schema table catalog","As a technical reviewer, I want a table-level schema catalog, so I can understand database purpose and relationships before reading schema.ts.","Medium","docs,db","PF-E05 Quality Operations And Architecture","Catalog lists current enums, tables, product purposes, relationship themes, source-of-truth rules, and update rules.","analysis/technical/schema-table-catalog.md ADR-0002","Implemented"
Story,"PF-601 Plan Confluence page tree","As the portfolio owner, I want a Confluence page tree plan, so product and business docs can move out of local files cleanly.","Medium","docs","PF-E06 Forward Planning","Page hierarchy maps to local analysis docs; ownership and update rules are defined.","analysis/confluence/page-tree.md analysis/confluence/page-manifest.csv","Implemented"
Story,"PF-602 Plan Jira project setup","As the portfolio owner, I want a Jira setup plan, so stories can be imported with stable labels, epics, and acceptance criteria.","Medium","docs,jira","PF-E06 Forward Planning","Jira project fields, issue types, labels, and CSV mapping are documented.","analysis/jira","Implemented"
Story,"PF-603 Inventory Figma and FigJam diagrams","As the portfolio owner, I want a diagram inventory for Figma/FigJam, so visual artifacts are created with purpose.","Medium","docs,figma","PF-E06 Forward Planning","Required diagrams are listed with owners, source docs, and update triggers.","analysis/design/diagram-inventory.md analysis/design/figjam-section-manifest.csv","Implemented"
Story,"PF-604 Expand ADR coverage","As a technical reviewer, I want ADR coverage for major decisions, so I can understand why the system evolved this way.","Medium","docs,adr","PF-E06 Forward Planning","ADR index exists; future ADR candidates are listed.","analysis/technical/adr","Implemented"
Story,"PF-605 Define stakeholder and persona analysis","As the portfolio owner, I want stakeholder and persona analysis, so requirements and content choices are grounded in real audiences.","Medium","docs,portfolio","PF-E06 Forward Planning","Stakeholder map, personas, persona-to-requirement map, and product implications are documented.","analysis/product/stakeholders-and-personas.md","Implemented"
Story,"PF-606 Maintain risk register","As the portfolio owner, I want a risk register, so product, technical, process, and tooling risks stay visible before implementation.","Medium","docs,ops","PF-E06 Forward Planning","Risk register includes ids, areas, likelihood, impact, mitigations, related docs/stories, cadence, and escalation rules.","analysis/planning/risk-register.md","Implemented"
Story,"PF-607 Define validation strategy","As a maintainer, I want a validation strategy, so each future slice has clear evidence before being treated as done.","Medium","docs,tests","PF-E06 Forward Planning","Validation layers, done definition, work-type checks, verification commands, focused test coverage, and traceability checklist are documented.","analysis/planning/validation-strategy.md analysis/technical/verification-catalog.md","Implemented"
Story,"PF-608 Track external tool setup history","As the portfolio owner, I want external tool setup history, so Confluence pages, Jira keys, and FigJam sections stay traceable to local source files.","Medium","docs,jira,figma","PF-E06 Forward Planning","Tool setup plan, execution runbook, Confluence publishing runbook, Jira import history, and FigJam creation log are documented.","analysis/planning/tool-setup-plan.md analysis/planning/external-setup-execution-runbook.md analysis/confluence/publishing-runbook.md analysis/jira/import-history.md analysis/design/figjam-creation-log.md","Implemented"
Story,"PF-609 Maintain review cadence and decision registers","As the portfolio owner, I want a review cadence, decision log, and open-question register, so product direction stays maintained after setup.","Medium","docs,ops","PF-E06 Forward Planning","Release/review cadence, artifact maintenance matrix, decision log, and open questions register are documented and linked from the suite.","analysis/operations/release-and-review-cadence.md analysis/operations/artifact-maintenance-matrix.md analysis/operations/decision-log.md analysis/operations/open-questions.md","Implemented"
Story,"PF-610 Maintain requirements traceability matrix","As a maintainer, I want a requirements traceability matrix, so requirements, personas, stories, evidence, and verification stay connected as the portfolio evolves.","Medium","docs,requirements","PF-E06 Forward Planning","Matrix maps FR and NFR ids to personas, Jira stories, evidence, verification signals, coverage gaps, and update rules.","analysis/planning/requirements-traceability-matrix.md","Implemented"
Story,"PF-701 Define service entry points","As a potential client, I want clear service entry points, so I can choose the kind of help I need without guessing.","High","portfolio,docs","PF-E07 Service Conversion","Conversion path defines service wedges, entry offers, recommended CTA, and page implications.","analysis/product/conversion-path.md","Implemented"
Story,"PF-702 Add focused intake path","As a potential client, I want a focused intake path, so I can describe the problem and start a scoped conversation.","High","portfolio","PF-E07 Service Conversion","Intake questions are defined; future route/component can collect contact and problem context.","analysis/product/conversion-path.md","Planned"
Story,"PF-703 Link proof to service wedges","As a visitor, I want projects and posts linked to service wedges, so I can connect proof to the service I need.","Medium","portfolio,cms","PF-E07 Service Conversion","Content strategy and conversion path define how proof surfaces should support service wedges.","analysis/product/content-strategy.md analysis/product/conversion-path.md","Implemented"
Story,"PF-704 Create visitor journey diagram","As the portfolio owner, I want a visitor journey diagram, so the conversion path can be reviewed visually before implementation.","Medium","docs,figma","PF-E07 Service Conversion","FigJam diagram PF-DIAG-001 includes homepage, proof review, trust check, and action path.","analysis/design/diagram-inventory.md analysis/product/conversion-path.md","Implemented"
Story,"PF-705 Define service offer catalog","As a potential client, I want service offers to explain fit, scope, outputs, and proof, so I can choose the right first conversation.","High","portfolio,docs","PF-E07 Service Conversion","Service offer catalog defines offer ids, buyer signals, included and excluded scope, first outputs, proof surfaces, pricing stance, and intake routing.","analysis/product/service-offer-catalog.md","Implemented"
