Page Title,Parent Page,Local Source,Target Area,Source Of Truth,Publish Priority,Status,External URL,Notes
"Portfolio Analysis Home","","analysis/README.md","Root","Local Git source","1","Pending","","Root page for the analysis suite."
"Product Analysis","Portfolio Analysis Home","","Product","Confluence container","1","Pending","","Container page for product and business analysis."
"Problem Statement","Product Analysis","analysis/product/problem-statement.md","Product","Local Git source","1","Pending","","Problem, opportunity, goals, and constraints."
"Stakeholders And Personas","Product Analysis","analysis/product/stakeholders-and-personas.md","Product","Local Git source","1","Pending","","Stakeholders, personas, and requirement mapping."
"Scope And Requirements","Product Analysis","analysis/product/scope-and-requirements.md","Product","Local Git source","1","Pending","","Functional and non-functional requirements."
"Positioning Brief","Product Analysis","analysis/product/positioning-brief.md","Product","Local Git source","1","Pending","","Service positioning and proof strategy."
"Service Offer Catalog","Product Analysis","analysis/product/service-offer-catalog.md","Product","Local Git source","1","Pending","","Offer fit, outputs, proof, and pricing stance."
"Content Strategy","Product Analysis","analysis/product/content-strategy.md","Product","Local Git source","2","Pending","","Content pillars, templates, and publication workflow."
"Conversion Path Brief","Product Analysis","analysis/product/conversion-path.md","Product","Local Git source","1","Pending","","Visitor journey, CTA, and intake path."
"Interaction Policy","Product Analysis","analysis/product/interaction-policy.md","Product","Local Git source","2","Pending","","Comment behavior, moderation policy, and trust rules."
"CMS Authoring Workflow","Product Analysis","analysis/product/cms-authoring-workflow.md","Product","Local Git source","2","Pending","","Owner-first authoring, preview, publish, and audit workflow."
"Auth And Account Roadmap","Product Analysis","analysis/product/auth-account-roadmap.md","Product","Local Git source","2","Pending","","Reader, owner, client, and protected workflow account strategy."
"Planning","Portfolio Analysis Home","","Planning","Confluence container","1","Pending","","Container page for roadmap, validation, and setup planning."
"Roadmap","Planning","analysis/planning/roadmap.md","Planning","Local Git source","1","Pending","","Stage map and forward delivery framing."
"Tool Setup Plan","Planning","analysis/planning/tool-setup-plan.md","Planning","Local Git source","1","Pending","","Confluence, Jira, FigJam, and GitHub setup sequence."
"External Setup Execution Runbook","Planning","analysis/planning/external-setup-execution-runbook.md","Planning","Local Git source","1","Pending","","First external setup batches, preflight checks, logs, and exit criteria."
"Risk Register","Planning","analysis/planning/risk-register.md","Planning","Local Git source","2","Pending","","Product, technical, process, and tooling risks."
"Validation Strategy","Planning","analysis/planning/validation-strategy.md","Planning","Local Git source","1","Pending","","Done checks, verification commands, and validation expectations."
"Readiness Audit","Planning","analysis/planning/readiness-audit.md","Planning","Local Git source","1","Pending","","Goal readiness audit and external setup gaps."
"Requirements Traceability Matrix","Planning","analysis/planning/requirements-traceability-matrix.md","Planning","Local Git source","1","Pending","","FR/NFR to persona, story, evidence, and verification map."
"Release And Review Cadence","Planning","analysis/operations/release-and-review-cadence.md","Operations","Local Git source","2","Pending","","Per-slice, monthly, tool-sync, and launch review cadence."
"Jira Backlog","Portfolio Analysis Home","","Jira","Confluence container","1","Pending","","Container page for Jira setup and imported planning references."
"Backlog Notes","Jira Backlog","analysis/jira/README.md","Jira","Local Git source","1","Pending","","Backlog package overview and labels."
"User Stories","Jira Backlog","analysis/jira/user-stories.md","Jira","Local Git source","1","Pending","","Readable epics, stories, acceptance criteria, and evidence."
"Jira Project Setup","Jira Backlog","analysis/jira/project-setup.md","Jira","Local Git source","1","Pending","","Project key, issue types, components, workflow, and import order."
"Import History","Jira Backlog","analysis/jira/import-history.md","Jira","Local Git source","1","Pending","","Local id to Jira key mapping log."
"Diagrams","Portfolio Analysis Home","","Design","Confluence container","2","Pending","","Container page for FigJam-ready diagrams and local sources."
"Diagram Inventory","Diagrams","analysis/design/diagram-inventory.md","Design","Local Git source","1","Pending","","Diagram ids, source docs, owners, and update triggers."
"FigJam Section Manifest","Diagrams","analysis/design/figjam-section-manifest.csv","Design","Local Git source","1","Pending","","FigJam section creation checklist, priorities, status, and URL tracking."
"Diagram Sources","Diagrams","analysis/design/diagrams/README.md","Design","Local Git source","1","Pending","","Local Mermaid source index before FigJam setup."
"Visitor Discovery Journey","Diagrams","analysis/design/diagrams/pf-diag-001-visitor-discovery-journey.md","Design","Local Git source","1","Pending","","Visitor journey from arrival to action."
"CMS Content Model","Diagrams","analysis/design/diagrams/pf-diag-002-portfolio-content-model.md","Design","Local Git source","1","Pending","","Portfolio CMS entity relationship sketch."
"Auth And Session Flow","Diagrams","analysis/design/diagrams/pf-diag-003-auth-identifier-session-flow.md","Design","Local Git source","1","Pending","","Identifier resolution and session lifecycle flow."
"Blog Comment Flow","Diagrams","analysis/design/diagrams/pf-diag-004-blog-comment-flow.md","Design","Local Git source","1","Pending","","Comment submission and rendering flow."
"Deployment And Neon Branch Workflow","Diagrams","analysis/design/diagrams/pf-diag-005-deployment-neon-branch-workflow.md","Design","Local Git source","1","Pending","","Branch-isolated database workflow."
"Structural Content Rendering Contract","Diagrams","analysis/design/diagrams/pf-diag-006-structural-content-rendering-contract.md","Design","Local Git source","2","Pending","","Structured content validation and rendering flow."
"Documentation Toolchain","Diagrams","analysis/design/diagrams/pf-diag-007-documentation-toolchain.md","Design","Local Git source","2","Pending","","Git, Confluence, Jira, and FigJam coordination."
"Technical Reference","Portfolio Analysis Home","","Technical","Confluence container","2","Pending","","Container page for GitHub-owned technical references."
"Traceability","Technical Reference","analysis/technical/traceability.md","Technical","Local Git source","1","Pending","","Capability to code, test, schema, and commit map."
"Schema And Migrations","Technical Reference","analysis/technical/schema-and-migrations.md","Technical","GitHub source","1","Pending","","Schema inventory and migration history summary."
"Schema Table Catalog","Technical Reference","analysis/technical/schema-table-catalog.md","Technical","GitHub source","1","Pending","","Table and enum catalog for current database schema."
"Migration Catalog","Technical Reference","analysis/technical/migration-catalog.md","Technical","GitHub source","1","Pending","","Per-migration product intent and evidence."
"API Surface Inventory","Technical Reference","analysis/technical/api-surface-inventory.md","Technical","GitHub source","1","Pending","","Route handler and server action contract status inventory."
"OpenAPI Planning Notes","Technical Reference","analysis/technical/openapi.md","Technical","GitHub source","2","Pending","","Current API surface and deferred public contract decision."
"ADR Index","Technical Reference","analysis/technical/adr/README.md","Technical","GitHub source","1","Pending","","ADR index and decision conventions."
"Operations","Portfolio Analysis Home","","Operations","Confluence container","2","Pending","","Container page for maintenance, publishing, and ongoing review."
"Documentation Maintenance","Operations","analysis/github/documentation-rules.md","Operations","GitHub source","2","Pending","","Source-of-truth, naming, and review rules."
"Artifact Maintenance Matrix","Operations","analysis/operations/artifact-maintenance-matrix.md","Operations","Local Git source","1","Pending","","Artifact ownership, update triggers, validation checks, and external sync rules."
"Confluence Publishing Runbook","Operations","analysis/confluence/publishing-runbook.md","Operations","Local Git source","1","Pending","","Publishing metadata, steps, and update triggers."
"Page Manifest","Operations","analysis/confluence/page-manifest.csv","Operations","Local Git source","1","Pending","","CSV checklist for page creation, priority, and URLs."
"FigJam Creation Log","Operations","analysis/design/figjam-creation-log.md","Operations","Local Git source","2","Pending","","FigJam file and section URL tracking."
"Decision Log","Operations","analysis/operations/decision-log.md","Operations","Local Git source","2","Pending","","Lightweight product, planning, and tooling decisions."
"Open Questions","Operations","analysis/operations/open-questions.md","Operations","Local Git source","2","Pending","","Unresolved decisions and default positions."
